scene_id,scene_classification
-1,Home office
615019,Bedroom
11946891,Industrial office
14721596,Home kitchen
16003568,Industrial office
19218502,Industrial office
21244336,Industrial dining room
25111585,Industrial kitchen
30550902,Home kitchen
36299735,Industrial office
41679920,Industrial office
42126937,Home office
48393024,Industrial dining room
52805179,Home kitchen
52817038,Industrial office
55060286,Industrial kitchen
59204473,Industrial office
63818311,Home kitchen
65137982,Industrial office
65681004,Industrial kitchen
71203729,Home kitchen
78791582,Industrial office
80060924,Living room
80875772,Industrial office
98904129,Industrial office
102949439,Home kitchen
119388113,Industrial office
122505143,Industrial office
124793682,Industrial kitchen
127845584,Home dining room
131152600,Home kitchen
132730381,Industrial office
133153269,Home kitchen
144672705,Home office
145284533,Home kitchen
148522578,Industrial office
156052051,Industrial office
158368076,Home dining room
159662155,Living room
161410698,Industrial office
162904219,Industrial office
164628080,Industrial office
165733557,Industrial kitchen
172785500,Home kitchen
186968461,Home kitchen
187303080,Home kitchen
203717604,Home kitchen
203907490,Industrial dining room
206028679,Industrial office
219232808,Laundry
229056639,Home office
234647482,Industrial kitchen
238333192,Industrial office
247693581,Industrial office
253938909,Home kitchen
255859363,Industrial office
285257128,Industrial office
291412560,Industrial kitchen
292214068,Industrial office
294335596,Industrial office
298352795,Home kitchen
301637807,Industrial office
307587236,Industrial office
312052083,Industrial office
312635646,Bathroom
314106025,Industrial dining room
316049690,Industrial office
317451690,Industrial dining room
327446959,Home kitchen
334162896,Industrial office
360426093,Industrial office
371265877,Industrial office
374237204,Industrial office
374588327,Industrial office
374667592,Industrial dining room
376702246,Industrial office
382711650,Home dining room
385172141,Industrial office
390375026,Industrial dining room
395700094,Industrial office
406470564,Industrial office
413057011,Industrial office
432937734,Living room
440287856,Home office
441689524,Industrial office
446878712,Industrial office
448893159,Industrial office
452818143,Home kitchen
466087710,Industrial office
484659531,Industrial office
488502783,Home office
488975025,Home kitchen
491039543,Industrial kitchen
499386832,Industrial office
500180237,Living room
500792643,Home kitchen
501002134,Home office
502588663,Home office
505959792,Industrial office
524647154,Industrial office
526476690,Industrial dining room
527021413,Home kitchen
535699764,Home office
537671853,Industrial dining room
539455958,Living room
544564787,Home office
546313985,Industrial office
548035779,Bathroom
551264469,Industrial office
560899789,Industrial office
562558764,Industrial kitchen
574678979,Industrial office
600243988,Home kitchen
603860616,Industrial office
609074746,Home kitchen
612752950,Industrial office
614421146,Home kitchen
621685894,Industrial kitchen
622333294,Industrial office
623777541,Home kitchen
623814855,Industrial office
635232324,Industrial office
636294293,Home kitchen
637297605,Industrial kitchen
644389583,Industrial office
662734896,Industrial office
666854965,Industrial office
668890884,Home office
674960134,Living room
683643022,Industrial dining room
684346556,Home kitchen
692348182,Industrial office
698505946,Industrial office
706519652,Home kitchen
710973675,Industrial office
711395935,Industrial office
712668822,Industrial kitchen
713171170,Home kitchen
714476155,Industrial office
720133969,Industrial office
723023921,Industrial office
724689195,Home kitchen
725876023,Home kitchen
728298126,Industrial dining room
735510193,Industrial office
737700315,Industrial kitchen
742388834,Industrial office
745364101,Bedroom
746853056,Industrial office
759954666,Industrial office
772620539,Hallway / closet / doorway
776150068,Industrial office
780276276,Industrial kitchen
787407119,Industrial office
800504106,Industrial office
809337469,Home kitchen
818725642,Industrial office
819406654,Industrial kitchen
820772793,Industrial kitchen
820816692,Bedroom
824061291,Home office
827966240,Industrial office
829094556,Industrial office
831785785,Industrial office
832284345,Industrial office
835157765,Home kitchen
836903157,Living room
838306004,Industrial kitchen
843452760,Industrial kitchen
852813720,Industrial kitchen
855227734,Industrial office
855706883,Industrial office
860341462,Industrial dining room
860864306,Home office
863672481,Industrial office
871964916,Bedroom
872026985,Home kitchen
875107464,Home office
878200777,Home kitchen
879541941,Home kitchen
883371035,Home office
884707561,Home office
890288750,Industrial office
904836080,Living room
906977114,Industrial office
908791381,Home kitchen
909004532,Industrial kitchen
925601980,Home kitchen
925669642,Home kitchen
939722115,Industrial office
948323974,Home office
951446636,Home kitchen
952672416,Industrial office
952859303,Industrial office
960908492,Living room
972675691,Home kitchen
976248210,Industrial dining room
978449157,Industrial office
979083821,Home kitchen
989391822,Bedroom
989496114,Industrial office
995323252,Hallway / closet / doorway
1004341134,Industrial office
1010185494,Industrial kitchen
1013985652,Home kitchen
1027598986,Home kitchen
1034556407,Home office
1039598097,Home kitchen
1058976383,Home office
1068346395,Home kitchen
1098619223,Industrial kitchen
1099791595,Industrial office
1103604649,Home kitchen
1107240149,Industrial office
1108847930,Home kitchen
1116626564,Industrial office
1132112888,Industrial dining room
1135343627,Home office
1139501311,Home dining room
1140462568,Industrial dining room
1148293981,Industrial office
1148463288,Industrial kitchen
1153685995,Industrial office
1155064831,Bedroom
1156647572,Industrial office
1165206255,Home dining room
1167418566,Industrial office
1176903138,Home kitchen
1177497103,Industrial office
1180576306,Home office
1180579265,Home kitchen
1187372857,Industrial kitchen
1191078415,Industrial kitchen
1191335365,Home kitchen
1195499588,Industrial office
1206899790,Industrial office
1212031429,Industrial kitchen
1220546242,Home kitchen
1224836339,Industrial office
1227273277,Industrial office
1229607384,Home kitchen
1237899490,Industrial office
1240434976,Home dining room
1243203404,Industrial office
1243450636,Home office
1250879471,Home kitchen
1257118237,Home kitchen
1259604452,Industrial kitchen
1268603884,Industrial kitchen
1269236327,Hallway / closet / doorway
1279017566,Home kitchen
1279657740,Industrial office
1279938870,Industrial office
1281099132,Industrial office
1285013161,Industrial office
1287055704,Industrial kitchen
1287437626,Hallway / closet / doorway
1293318093,Industrial kitchen
1313504453,Industrial office
1316903439,Industrial dining room
1320213131,Industrial kitchen
1323408076,Home kitchen
1330873366,Industrial kitchen
1331470453,Industrial office
1343133929,Bathroom
1354636513,Industrial office
1364425446,Industrial office
1369364091,Industrial office
1380617085,Home kitchen
1400873220,Industrial office
1403732766,Industrial office
1411130052,Home kitchen
1419954312,Industrial kitchen
1423370105,Living room
1431810548,Home kitchen
1438551556,Home kitchen
1438931499,Industrial kitchen
1444995331,Home kitchen
1447265529,Living room
1461982682,Industrial office
1466173190,Industrial dining room
1469427884,Industrial office
1471562632,Living room
1477699675,Industrial office
1479833245,Industrial office
1497655326,Home office
1498817091,Bedroom
1498834123,Industrial office
1504366709,Industrial office
1519430048,Home office
1520629793,Industrial office
1521650726,Industrial office
1526338568,Home kitchen
1526362475,Home office
1526685371,Industrial office
1540034991,Home kitchen
1560368003,Industrial office
1560503791,Living room
1562152682,Industrial office
1565628425,Industrial office
1570182257,Industrial kitchen
1572110541,Home kitchen
1574093973,Home office
1575177183,Industrial office
1576784966,Home dining room
1581828144,Industrial office
1582621048,Industrial office
1583941266,Industrial kitchen
1586415439,Industrial kitchen
1596164622,Home office
1598797996,Home office
1600110674,Industrial office
1611836543,Home kitchen
1611962690,Industrial office
1612148503,Industrial kitchen
1614781250,Home kitchen
1620574296,Home kitchen
1621750748,Industrial kitchen
1623185846,Home office
1629966684,Home kitchen
1630887253,Industrial office
1632146420,Industrial kitchen
1633223030,Home kitchen
1647604709,Industrial office
1648708591,Industrial office
1652134590,Home kitchen
1656877278,Industrial kitchen
1660525754,Industrial office
1662108452,Industrial office
1674457879,Industrial office
1675107566,Industrial kitchen
1688824394,Industrial office
1696462699,Industrial office
1696918037,Industrial office
1699406456,Home kitchen
1705788602,Home kitchen
1709127420,Home kitchen
1712293193,Industrial office
1714426902,Bedroom
1715999444,Industrial office
1727460882,Industrial office
1729293788,Home kitchen
1730074336,Industrial office
1734953740,Industrial office
1738678231,Bathroom
1741676307,Home kitchen
1747321924,Industrial kitchen
1747759843,Home kitchen
1752316304,Industrial office
1755718947,Home kitchen
1759658176,Home office
1763789561,Industrial kitchen
1765365282,Home kitchen
1765707347,Industrial office
1765791848,Home kitchen
1771332628,Industrial office
1774861826,Industrial kitchen
1775582436,Industrial office
1783881981,Home office
1793504467,Industrial office
1797271899,Industrial kitchen
1797777223,Industrial kitchen
1800629848,Industrial office
1800730448,Industrial kitchen
1808575695,Industrial office
1811986876,Industrial office
1812305905,Home office
1821121684,Industrial kitchen
1822444372,Industrial kitchen
1823484695,Industrial office
1824389681,Industrial kitchen
1824660203,Industrial office
1826561477,Home kitchen
1826880125,Industrial office
1839666663,Hallway / closet / doorway
1841325423,Industrial kitchen
1850931133,Industrial office
1855195598,Industrial office
1857134567,Industrial office
1872182618,Industrial office
1891174824,Industrial office
1891337438,Home kitchen
1892492661,Bedroom
1901174252,Industrial office
1904971485,Industrial office
1913510399,Industrial office
1916510938,Bedroom
1925885248,Industrial kitchen
1931354656,Industrial kitchen
1953341724,Home kitchen
1956660334,Industrial office
1959308322,Industrial office
1964959959,Industrial office
1968871427,Home kitchen
1975920982,Industrial office
1977859099,Home kitchen
1982555526,Industrial kitchen
2002304811,Industrial office
2006411341,Home kitchen
2012004510,Industrial office
2014930600,Home kitchen
2015971044,Industrial kitchen
2017367566,Living room
2022797579,Industrial office
2027040454,Industrial office
2027738632,Home kitchen
2033588095,Industrial office
2036214760,Home kitchen
2039678083,Industrial office
2045499708,Home kitchen
2045974654,Industrial office
2053263783,Industrial office
2062100714,Industrial office
2062199341,Industrial office
2071794191,Bathroom
2072475530,Industrial office
2072894119,Industrial office
2072917662,Industrial office
2075103700,Hallway / closet / doorway
2077413229,Home kitchen
2095462063,Home kitchen
2098467181,Industrial office
2109410002,Home kitchen
2110472907,Industrial kitchen
2111091819,Industrial office
2114899937,Industrial office
2116032317,Industrial office
2122287912,Industrial office
2126284588,Industrial office
2130281114,Industrial kitchen
2130427403,Home kitchen
2130580978,Home kitchen
2130759230,Home office
2131398362,Industrial kitchen
2132224485,Home kitchen
2135409934,Home kitchen
2136497949,Industrial kitchen
2138796165,Hallway / closet / doorway
2140253222,Industrial office
2144398808,Industrial office
2154121053,Industrial office
2158532898,Industrial kitchen
2158993557,Industrial kitchen
2162286503,Home kitchen
2164269094,Industrial office
2167751296,Industrial dining room
2167942661,Industrial kitchen
2168420340,Industrial office
2171839578,Industrial kitchen
2178587760,Industrial kitchen
2182578355,Industrial office
2183907985,Industrial office
2188410586,Home office
2190128588,Home kitchen
2194200130,Industrial office
2195051007,Industrial kitchen
2197476002,Industrial office
2203841320,Home kitchen
2209440067,Industrial office
2216308140,Industrial kitchen
2221337759,Industrial office
2243943100,Industrial kitchen
2253994887,Home kitchen
2258646255,Industrial kitchen
2259406570,Industrial office
2264056257,Industrial office
2270334962,Living room
2270389209,Industrial kitchen
2270645315,Bedroom
2271121742,Unknown
2271765186,Industrial kitchen
2290694936,Industrial office
2292217343,Bedroom
2302373769,Home kitchen
2314211164,Industrial kitchen
2321227261,Hallway / closet / doorway
2321836189,Industrial office
2322616215,Industrial kitchen
2337452883,Home kitchen
2339143203,Industrial kitchen
2340822988,Industrial office
2341685650,Industrial kitchen
2351538832,Industrial kitchen
2352503302,Home kitchen
2357352893,Industrial office
2364934467,Home kitchen
2370783071,Industrial office
2375087913,Home kitchen
2377355220,Industrial office
2378708573,Industrial kitchen
2379042955,Living room
2380472380,Industrial kitchen
2382194400,Home kitchen
2383687755,Industrial office
2392955168,Bedroom
2398486230,Home kitchen
2403599495,Industrial office
2407672301,Industrial office
2408883959,Industrial office
2412398073,Industrial office
2416075047,Industrial kitchen
2421095281,Industrial kitchen
2423597485,Home kitchen
2434079578,Industrial kitchen
2435705757,Home kitchen
2438845616,Home office
2442677093,Living room
2447536260,Industrial office
2450506374,Bathroom
2454244014,Industrial office
2455441387,Industrial office
2459029323,Industrial office
2461281079,Bathroom
2474237926,Home kitchen
2476969100,Industrial office
2484955157,Industrial kitchen
2487565034,Home kitchen
2491189028,Industrial office
2495127464,Home office
2497599769,Industrial office
2498346263,Living room
2508191989,Industrial office
2511484123,Home kitchen
2512823243,Industrial office
2515015705,Industrial kitchen
2515873443,Industrial office
2519618840,Living room
2523194173,Industrial office
2524008663,Industrial kitchen
2529363463,Industrial office
2530980178,Industrial office
2535302583,Home kitchen
2537888493,Industrial kitchen
2546248239,Industrial office
2549043078,Industrial office
2561701836,Industrial office
2567112679,Home office
2567897819,Home kitchen
2568276967,Bathroom
2569763324,Home office
2570082087,Home kitchen
2573569390,Industrial office
2575006127,Home kitchen
2583336381,Home kitchen
2583365722,Industrial kitchen
2593020468,Home kitchen
2594168998,Home office
2595446318,Industrial office
2598418292,Home kitchen
2603600582,Industrial office
2603800951,Home kitchen
2609106140,Industrial office
2618026707,Industrial office
2621243045,Home kitchen
2625139612,Industrial office
2631597941,Home office
2636227110,Industrial kitchen
2647012499,Industrial office
2650980501,Industrial office
2653523018,Industrial office
2667614373,Industrial office
2669197631,Industrial kitchen
2680435561,Industrial office
2705021669,Industrial kitchen
2708809181,Industrial office
2710665438,Industrial kitchen
2726881081,Living room
2733231730,Industrial office
2734767628,Industrial office
2739583181,Hallway / closet / doorway
2739901198,Home kitchen
2740222114,Industrial kitchen
2747651725,Industrial kitchen
2756738180,Home kitchen
2758688190,Industrial office
2761880260,Industrial office
2772913681,Industrial office
2776871567,Home kitchen
2779144604,Home kitchen
2780606878,Living room
2781519007,Industrial office
2782099537,Industrial kitchen
2786205147,Industrial office
2788720624,Industrial office
2790095749,Home office
2801299860,Home dining room
2810536841,Industrial kitchen
2812316737,Bedroom
2816503994,Bedroom
2825832028,Industrial kitchen
2828277154,Industrial kitchen
2836494511,Home office
2842845874,Home kitchen
2844730766,Home office
2850444692,Industrial office
2853580683,Home kitchen
2854834975,Home kitchen
2856684733,Industrial office
2861041365,Home kitchen
2863612577,Industrial kitchen
2866070129,Living room
2872221420,Industrial office
2883696971,Industrial office
2887054147,Industrial kitchen
2887356827,Industrial kitchen
2899126475,Industrial kitchen
2904712288,Industrial office
2913242782,Industrial office
2927338332,Home kitchen
2928973127,Industrial office
2939999281,Bathroom
2940353041,Industrial office
2941056855,Industrial kitchen
2946215879,Home kitchen
2952984701,Home kitchen
2963557629,Industrial kitchen
2964339873,Industrial kitchen
2965884111,Industrial office
2966163446,Industrial office
2973432723,Industrial kitchen
2980768375,Living room
2995607447,Home office
2996905098,Industrial office
2997292274,Home kitchen
2997307642,Home office
2997401390,Industrial office
2998011453,Home kitchen
2999901668,Industrial office
3010414125,Industrial office
3010826835,Industrial office
3013903221,Living room
3033538743,Living room
3034393787,Home kitchen
3035676786,Industrial office
3039220064,Home kitchen
3041968310,Hallway / closet / doorway
3043422614,Home kitchen
3053692905,Industrial office
3060799232,Industrial dining room
3061894133,Industrial office
3068281009,Industrial office
3068488111,Industrial office
3069647084,Home kitchen
3072971566,Industrial office
3077238056,Industrial dining room
3082215760,Bathroom
3083919761,Industrial kitchen
3085488214,Industrial office
3093975641,Industrial kitchen
3104061374,Industrial office
3108057172,Industrial office
3117755163,Industrial office
3117957183,Home kitchen
3125337738,Home kitchen
3130103759,Living room
3140911426,Industrial kitchen
3148589680,Industrial office
3150543716,Industrial kitchen
3151302853,Home kitchen
3161627993,Home kitchen
3163748394,Industrial office
3174261688,Industrial office
3175580815,Home kitchen
3185146872,Home kitchen
3194005870,Bedroom
3202198810,Industrial office
3205728476,Industrial office
3208715844,Home office
3228899397,Home kitchen
3240928968,Industrial kitchen
3244052209,Industrial kitchen
3245402060,Bedroom
3246924425,Industrial office
3248192505,Industrial office
3254579064,Industrial office
3256445572,Industrial dining room
3265473123,Living room
3269468348,Home kitchen
3270727279,Home kitchen
3281786816,Living room
3287893434,Home kitchen
3293668930,Industrial dining room
3294725675,Home kitchen
3302223580,Industrial kitchen
3303339719,Industrial kitchen
3308770833,Industrial office
3314408094,Industrial office
3315853995,Industrial office
3323416562,Industrial kitchen
3323947305,Industrial kitchen
3326504982,Industrial kitchen
3327319612,Industrial office
3331502814,Industrial office
3342777134,Home kitchen
3349104415,Industrial kitchen
3352021044,Industrial kitchen
3352936885,Industrial office
3353547733,Bedroom
3361863625,Industrial office
3373853241,Industrial office
3383003409,Industrial office
3388491308,Industrial kitchen
3397921955,Industrial kitchen
3402167562,Home kitchen
3405125605,Home kitchen
3423129689,Industrial office
3423299166,Home kitchen
3429833789,Industrial office
3430857759,Industrial kitchen
3433110303,Bedroom
3434337652,Industrial office
3446588340,Industrial office
3447830665,Industrial office
3448406289,Industrial kitchen
3451640856,Home kitchen
3452153917,Industrial kitchen
3452610772,Industrial office
3452853472,Industrial office
3463976000,Industrial office
3467635773,Home kitchen
3479580715,Industrial office
3483107007,Industrial kitchen
3485794757,Industrial office
3492221807,Industrial kitchen
3500389106,Industrial office
3501319967,Industrial dining room
3501482780,Industrial office
3509734870,Industrial kitchen
3511074229,Industrial office
3515006295,Industrial kitchen
3517295361,Hallway / closet / doorway
3517389442,Home kitchen
3520770158,Industrial office
3525381147,Home office
3526325018,Industrial office
3526551049,Industrial office
3529512459,Home kitchen
3530097611,Hallway / closet / doorway
3533225648,Home office
3537177821,Industrial office
3538735954,Industrial office
3542272388,Industrial office
3545424229,Industrial office
3545964828,Industrial office
3561911364,Industrial office
3572139414,Industrial office
3579524687,Living room
3596747378,Home kitchen
3597205304,Home kitchen
3597799346,Home office
3601883738,Living room
3604432475,Industrial kitchen
3607037969,Home kitchen
3610728473,Home kitchen
3622549014,Home kitchen
3623354816,Industrial kitchen
3624907998,Industrial kitchen
3637186029,Industrial kitchen
3637724944,Industrial office
3640759717,Industrial office
3644778701,Industrial office
3655269503,Home office
3657166078,Industrial office
3682463744,Industrial office
3682907893,Industrial kitchen
3691023914,Home kitchen
3704741040,Industrial office
3705837326,Living room
3706957005,Industrial office
3707023747,Home kitchen
3708943295,Industrial office
3712321556,Industrial kitchen
3714167649,Industrial office
3727693504,Industrial kitchen
3733464770,Industrial office
3737626533,Industrial office
3745470681,Home kitchen
3748126771,Industrial office
3758144435,Industrial office
3761630828,Home kitchen
3767417364,Industrial kitchen
3774560981,Industrial office
3780459880,Industrial office
3786172922,Industrial office
3787821261,Industrial office
3788566343,Industrial office
3798951680,Industrial kitchen
3805148043,Home kitchen
3806598539,Industrial office
3808575189,Bedroom
3816161570,Industrial office
3819642380,Home kitchen
3827924651,Industrial kitchen
3831612049,Bedroom
3833025908,Home dining room
3833638712,Home kitchen
3837471943,Industrial office
3843135948,Home kitchen
3845817525,Industrial office
3847847898,Home kitchen
3848253393,Industrial office
3849440348,Living room
3852509273,Home kitchen
3854327802,Industrial office
3854939548,Industrial kitchen
3865833231,Home kitchen
3869554110,Industrial office
3879141687,Industrial office
3881724464,Industrial office
3889846561,Home kitchen
3895077471,Industrial kitchen
3900557863,Bedroom
3902420945,Home office
3910257019,Industrial office
3912995374,Home kitchen
3914114135,Living room
3915626876,Bedroom
3918790350,Home kitchen
3932433956,Industrial kitchen
3937161521,Home kitchen
3945067282,Industrial office
3945179236,Industrial office
3946715472,Industrial office
3948791613,Home office
3951223118,Industrial office
3951366978,Industrial office
3953512110,Home office
3956538210,Industrial office
3957881643,Home kitchen
3963497795,Industrial office
3969113962,Industrial office
3971458061,Industrial office
3991454334,Home kitchen
4001950978,Industrial office
4002254778,Industrial dining room
4004818046,Industrial kitchen
4018328411,Home kitchen
4045730075,Industrial kitchen
4048026623,Home kitchen
4060555617,Industrial office
4068510503,Industrial office
4080071442,Industrial office
4085520342,Home kitchen
4094467084,Industrial office
4101283514,Industrial office
4102487504,Industrial office
4105132691,Industrial office
4109539753,Industrial office
4112648827,Industrial office
4115710047,Industrial office
4116825097,Home kitchen
4120138096,Home kitchen
4127060180,Laundry
4130977918,Home kitchen
4131955725,Living room
4134088680,Industrial office
4134662280,Home kitchen
4136441336,Home dining room
4139251974,Home kitchen
4139297680,Industrial office
4142994792,Home office
4144535820,Industrial kitchen
4146305838,Industrial kitchen
4147568157,Living room
4157815707,Industrial office
4158516498,Industrial office
4158701829,Industrial office
4164120293,Industrial office
4165414411,Industrial office
4175445983,Living room
4192120685,Industrial dining room
4204402256,Industrial office
4219232577,Industrial office
4232183014,Home kitchen
4239830964,Home kitchen
4241798078,Industrial kitchen
4242461428,Industrial office
4244574282,Industrial kitchen
4245314020,Industrial office
4245538253,Industrial kitchen
4248855493,Industrial kitchen
4251147758,Industrial office
4251465834,Industrial kitchen
4266274947,Industrial office
4284083394,Industrial kitchen
4285051429,Industrial office
4286077127,Home kitchen
4286221412,Industrial office
4290618632,Home kitchen
4294743892,Industrial kitchen
4295670452,Industrial kitchen
4297002773,Industrial office
4303558506,Home kitchen
4309843338,Home kitchen
4312815282,Industrial office
4317166532,Home kitchen
4320998451,Home kitchen
4322894891,Industrial office
4325714932,Industrial kitchen
4329524892,Industrial office
4331727351,Hallway / closet / doorway
4332368116,Industrial office
4338221740,Industrial office
4340371584,Home kitchen
4344518655,Industrial office
4344707194,Industrial office
4345518188,Industrial office
4346762205,Home kitchen
4355044003,Industrial kitchen
4361271148,Industrial office
4371275400,Home kitchen
4371823990,Home kitchen
4373874384,Home kitchen
4375173998,Industrial kitchen
4376418983,Industrial kitchen
4380732511,Industrial kitchen
4383491792,Home kitchen
4383648979,Industrial office
4385838982,Living room
4385851547,Home kitchen
4389308404,Industrial office
4394573883,Industrial kitchen
4397876351,Home kitchen
4398756709,Industrial office
4400212150,Industrial office
4402387407,Industrial dining room
4407200780,Home kitchen
4407588934,Industrial office
4412372211,Bedroom
4421366819,Home kitchen
4423761154,Home kitchen
4424513213,Industrial kitchen
4424673868,Industrial office
4425026275,Home kitchen
4430936219,Industrial kitchen
4437724691,Home kitchen
4464961057,Living room
4465064685,Industrial office
4467472402,Industrial kitchen
4470532733,Industrial office
4472268960,Home kitchen
4479900569,Home kitchen
4481397175,Industrial kitchen
4481766701,Industrial office
4482781182,Industrial kitchen
4485299513,Home office
4487368238,Laundry
4489549381,Industrial kitchen
4490077882,Industrial office
4494746905,Living room
4498738938,Industrial kitchen
4505464538,Laundry
4505617318,Living room
4524217940,Industrial office
4524686379,Home kitchen
4526860708,Industrial office
4526906303,Industrial office
4537273265,Industrial office
4545879864,Industrial office
4563387301,Industrial office
4565156964,Industrial office
4565873405,Industrial office
4568754275,Industrial office
4569686640,Home dining room
4570623316,Industrial office
4577138194,Industrial office
4579669843,Industrial office
4580463179,Industrial office
4584351745,Industrial office
4584921715,Industrial office
4585340783,Industrial dining room
4589248509,Bedroom
4599927843,Home kitchen
4605191587,Industrial office
4611717323,Industrial office
4612909309,Industrial office
4616219108,Industrial office
4626736803,Industrial office
4633647792,Living room
4634722175,Industrial dining room
4642532965,Industrial office
4650735673,Hallway / closet / doorway
4667784108,Industrial kitchen
4674404464,Industrial office
4688304721,Industrial office
4691833574,Home office
4693461957,Home dining room
4702967929,Industrial office
4706041793,Industrial office
4715148689,Industrial office
4716360290,Home kitchen
4718004627,Industrial kitchen
4718433351,Industrial office
4729002130,Industrial kitchen
4729308291,Industrial office
4741274701,Industrial kitchen
4742640472,Home office
4743066113,Industrial office
4743708134,Industrial office
4743887325,Industrial kitchen
4747632075,Industrial kitchen
4753854188,Industrial office
4755044132,Industrial kitchen
4760653248,Industrial kitchen
4761717760,Industrial office
4767678436,Industrial office
4780329690,Industrial kitchen
4781511002,Home dining room
4786161395,Industrial kitchen
4788268315,Home kitchen
4788834602,Industrial office
4795667165,Home kitchen
4799189865,Industrial office
4803311843,Industrial office
4803426761,Industrial kitchen
4807666634,Industrial office
4813123908,Industrial office
4815344025,Home kitchen
4817521543,Industrial office
4819676263,Industrial office
4823049285,Industrial office
4844529638,Home kitchen
4845223803,Industrial office
4846810092,Industrial office
4852046797,Industrial office
4859308709,Industrial office
4861216072,Living room
4862403886,Home kitchen
4863400610,Industrial office
4865193456,Living room
4869365522,Industrial office
4870226129,Industrial office
4875274140,Industrial office
4875567705,Industrial office
4878628745,Industrial kitchen
4900234315,Home kitchen
4901145574,Industrial office
4910089084,Bedroom
4919225506,Industrial kitchen
4924618541,Industrial kitchen
4925733834,Industrial office
4926251205,Industrial kitchen
4928043383,Home office
4929784924,Living room
4930605866,Industrial kitchen
4935584073,Industrial office
4938854758,Industrial office
4951003926,Bathroom
4958440030,Industrial dining room
4970290594,Industrial office
4972408603,Home office
4976338463,Home kitchen
4989367571,Home kitchen
4991796633,Home kitchen
4995442817,Industrial office
4995622751,Industrial office
4998647806,Industrial kitchen
5003448808,Home office
5013431187,Home kitchen
5013565703,Industrial office
5024387521,Industrial office
5036710532,Industrial dining room
5037809630,Industrial kitchen
5046536182,Home kitchen
5048525681,Industrial office
5050018649,Industrial office
5052129122,Bedroom
5053314460,Unknown
5059283044,Industrial office
5075146769,Industrial office
5078505595,Home kitchen
5080203831,Home kitchen
5085711642,Bathroom
5090005355,Home kitchen
5093992975,Industrial kitchen
5098781822,Industrial kitchen
5099350574,Industrial dining room
5099946759,Home dining room
5101385237,Home kitchen
5109410604,Hallway / closet / doorway
5113815930,Industrial office
5140416215,Industrial office
5141701781,Living room
5143210376,Industrial kitchen
5155589926,Industrial office
5158053231,Home kitchen
5167053815,Industrial office
5175465184,Industrial office
5181804743,Industrial kitchen
5186891678,Home kitchen
5206221518,Industrial kitchen
5206847533,Industrial office
5207831207,Industrial office
5208660743,Industrial office
5211607037,Industrial office
5222287662,Industrial office
5223186234,Home dining room
5226859514,Industrial office
5229227988,Industrial office
5235850418,Industrial office
5241125310,Industrial office
5242460882,Industrial office
5244403077,Industrial office
5257426348,Industrial office
5262362661,Industrial office
5272589625,Industrial office
5280841867,Home kitchen
5289337317,Home office
5290490657,Home office
5294754355,Industrial office
5295771904,Industrial office
5299569785,Industrial office
5300193171,Industrial office
5323000093,Home kitchen
5323454952,Industrial office
5333435816,Industrial kitchen
5333617807,Bathroom
5340230280,Industrial office
5343959788,Industrial office
5345721421,Home kitchen
5362619116,Industrial kitchen
5371894323,Industrial office
5374398722,Industrial office
5377506180,Industrial office
5381324602,Industrial kitchen
5384928279,Hallway / closet / doorway
5392590657,Bedroom
5395638052,Home kitchen
5397784037,Industrial office
5400765122,Industrial office
5401133958,Home office
5402526906,Industrial office
5406213744,Industrial office
5407808620,Home kitchen
5414640868,Industrial kitchen
5422113708,Home kitchen
5432664924,Industrial kitchen
5437033543,Industrial office
5439683385,Industrial kitchen
5445595898,Home dining room
5459797022,Home kitchen
5471549801,Industrial office
5472537772,Home office
5485157930,Industrial office
5485800865,Home kitchen
5490308747,Industrial kitchen
5492136746,Industrial office
5493550952,Industrial office
5497449429,Industrial kitchen
5500660626,Industrial office
5506652205,Home kitchen
5506922091,Home office
5507987860,Industrial office
5511329841,Industrial office
5513264757,Industrial office
5520550721,Industrial office
5525991012,Industrial office
5527804733,Industrial kitchen
5530101781,Industrial kitchen
5539130832,Industrial office
5540173529,Industrial office
5540412958,Living room
5546030879,Industrial office
5550260365,Living room
5554899983,Industrial office
5555435265,Bedroom
5576515039,Industrial office
5577789499,Industrial kitchen
5585705567,Industrial office
5586754844,Industrial office
5590964446,Industrial office
5592494542,Industrial kitchen
5594497977,Home kitchen
5598147440,Industrial office
5598334195,Bedroom
5606608323,Bedroom
5606704241,Industrial kitchen
5610198573,Industrial office
5612207605,Industrial kitchen
5624262868,Industrial office
5625748912,Industrial office
5634896713,Industrial dining room
5644114540,Industrial office
5644863524,Industrial office
5645209070,Industrial office
5646257881,Industrial office
5651428595,Industrial kitchen
5653509984,Home kitchen
5656414544,Industrial office
5661057705,Industrial kitchen
5661616775,Industrial kitchen
5664924394,Industrial office
5671188784,Industrial office
5672343998,Industrial kitchen
5688192665,Home office
5699095413,Home kitchen
5701580274,Industrial office
5702430420,Home kitchen
5702451488,Industrial office
5717358084,Industrial office
5719214076,Industrial kitchen
5721830803,Industrial dining room
5724356971,Industrial office
5730340559,Industrial kitchen
5730901960,Industrial office
5730993377,Industrial office
5731435167,Home kitchen
5734034194,Industrial office
5737560748,Industrial office
5739418729,Industrial kitchen
5747551914,Home dining room
5765341249,Industrial office
5776019226,Industrial office
5779184054,Industrial office
5782987034,Living room
5786928566,Home kitchen
5791079764,Industrial office
5797394460,Industrial office
5800878504,Industrial kitchen
5808108901,Home kitchen
5811308274,Industrial office
5812705042,Industrial office
5821456077,Industrial kitchen
5821475390,Industrial kitchen
5825097236,Home kitchen
5828242920,Industrial kitchen
5829757480,Industrial office
5830563591,Industrial office
5831115883,Home kitchen
5836356756,Industrial kitchen
5838285778,Bathroom
5850676809,Industrial kitchen
5855159665,Industrial office
5862200863,Industrial office
5865779550,Home kitchen
5879622450,Industrial office
5894918595,Industrial office
5895067947,Home kitchen
5896682382,Bathroom
5899989100,Home kitchen
5904833076,Industrial office
5905959506,Home kitchen
5906418620,Industrial kitchen
5906509587,Industrial kitchen
5914377481,Bedroom
5921606723,Industrial office
5925661330,Industrial kitchen
5928263182,Home kitchen
5933271657,Industrial office
5941121824,Industrial office
5945410292,Home kitchen
5949330439,Home kitchen
5950002416,Industrial office
5960046413,Industrial office
5961935406,Home kitchen
5965044944,Home kitchen
5977474104,Home kitchen
5987056715,Industrial kitchen
5987390574,Home kitchen
5995178574,Industrial office
5998613133,Industrial office
5998950124,Industrial office
6009298080,Industrial office
6030327638,Home kitchen
6032283610,Industrial kitchen
6032803301,Home kitchen
6043579020,Industrial dining room
6045910793,Industrial office
6047000765,Living room
6050521647,Industrial kitchen
6054985565,Industrial office
6058116090,Industrial office
6066958070,Industrial office
6074146895,Industrial dining room
6078642573,Industrial office
6090821773,Home kitchen
6093644330,Home office
6104430493,Industrial kitchen
6134143525,Industrial kitchen
6136832986,Home office
6140551053,Home office
6145080099,Home kitchen
6145843125,Industrial office
6154533347,Home kitchen
6168154630,Hallway / closet / doorway
6169835831,Bedroom
6177132103,Industrial kitchen
6181180240,Home kitchen
6181329819,Industrial office
6181365928,Industrial kitchen
6187668792,Industrial office
6190572240,Home kitchen
6192723072,Industrial office
6195380609,Home kitchen
6202344945,Home kitchen
6210962274,Living room
6215904830,Industrial kitchen
6222845426,Home office
6229835177,Home office
6236579828,Home dining room
6253797406,Home kitchen
6255718931,Home kitchen
6258130622,Industrial kitchen
6258236176,Industrial office
6276734147,Home kitchen
6280903476,Home kitchen
6284002987,Hallway / closet / doorway
6287468520,Home kitchen
6294303040,Industrial office
6295080910,Industrial office
6295178324,Home kitchen
6296864620,Home kitchen
6302949779,Industrial kitchen
6305058080,Home kitchen
6306838320,Bedroom
6313680013,Industrial office
6314463509,Industrial office
6314665524,Industrial office
6325585443,Home kitchen
6326686958,Home dining room
6331728794,Industrial kitchen
6338674551,Industrial office
6348543881,Home kitchen
6349360406,Industrial office
6356579233,Industrial dining room
6356648891,Industrial office
6357288647,Industrial kitchen
6370153372,Industrial office
6370809775,Industrial kitchen
6372212195,Industrial office
6374327054,Home kitchen
6374762361,Home kitchen
6382819513,Industrial kitchen
6391656826,Home kitchen
6397313700,Industrial office
6397335628,Industrial kitchen
6399883826,Industrial office
6416756114,Industrial office
6420433398,Industrial kitchen
6425873941,Industrial office
6429212611,Industrial office
6429516153,Home kitchen
6433857166,Industrial kitchen
6437395274,Industrial kitchen
6437529448,Industrial office
6440793218,Hallway / closet / doorway
6443597243,Industrial office
6445909745,Industrial office
6452637220,Industrial office
6458782061,Industrial office
6459544198,Industrial office
6460159668,Industrial kitchen
6486961974,Industrial office
6487002261,Industrial office
6489841764,Home kitchen
6490016726,Industrial office
6492478249,Industrial dining room
6492706560,Industrial kitchen
6497408270,Industrial office
6498288010,Industrial office
6506465191,Industrial office
6511965378,Industrial kitchen
6518509549,Bedroom
6529770145,Industrial office
6536154108,Industrial office
6545826744,Industrial office
6546212768,Home kitchen
6550323329,Industrial kitchen
6553706007,Bedroom
6561025201,Industrial office
6567433433,Home kitchen
6568098784,Laundry
6573059490,Home kitchen
6581527134,Home kitchen
6584431604,Industrial office
6591611941,Industrial dining room
6594578571,Home kitchen
6603866132,Industrial office
6606650611,Home office
6608992549,Bedroom
6612454114,Industrial office
6616602912,Industrial office
6623708835,Industrial office
6627532279,Industrial office
6632769436,Home dining room
6635616233,Home kitchen
6635811283,Home office
6637157591,Hallway / closet / doorway
6644505408,Home kitchen
6650439072,Home kitchen
6651887333,Home kitchen
6652003593,Industrial kitchen
6654475112,Industrial office
6655132254,Industrial office
6657156719,Home kitchen
6657519275,Home kitchen
6659421102,Industrial kitchen
6667529842,Industrial office
6667687752,Industrial office
6668886738,Industrial kitchen
6674192274,Home kitchen
6677391967,Home kitchen
6679201530,Industrial office
6683061169,Hallway / closet / doorway
6690199112,Industrial office
6692569387,Industrial office
6693053070,Industrial office
6705646461,Home kitchen
6714072044,Industrial kitchen
6716158036,Industrial kitchen
6718502034,Industrial office
6719911044,Home office
6725367285,Industrial office
6729939917,Home kitchen
6732223375,Industrial office
6734591108,Home kitchen
6737252989,Industrial kitchen
6740555298,Home kitchen
6742725050,Industrial kitchen
6746316042,Home kitchen
6755834466,Home kitchen
6764622508,Living room
6768964497,Industrial kitchen
6769345341,Industrial office
6770240076,Home kitchen
6776704501,Home kitchen
6779338706,Industrial office
6780726182,Industrial office
6780871795,Industrial office
6785031807,Industrial kitchen
6791008366,Home kitchen
6791894129,Home kitchen
6794123450,Bathroom
6795043457,Home dining room
6797501941,Industrial office
6798900003,Industrial office
6803455394,Industrial kitchen
6807331817,Industrial office
6811837281,Industrial kitchen
6813360906,Home office
6813433232,Living room
6821260417,Living room
6822178043,Home office
6823118876,Industrial office
6835637177,Industrial kitchen
6838397360,Industrial office
6844777952,Living room
6847466020,Home office
6850907474,Industrial kitchen
6860530527,Industrial office
6874858456,Industrial office
6881558808,Industrial office
6900834423,Industrial kitchen
6904297485,Industrial office
6912769074,Home kitchen
6920174089,Industrial office
6922958259,Home kitchen
6924940209,Industrial kitchen
6931030762,Industrial kitchen
6933459552,Home kitchen
6938820303,Industrial office
6942516031,Home office
6945443983,Industrial office
6946017840,Bathroom
6947462369,Industrial kitchen
6954675702,Industrial kitchen
6955631270,Home kitchen
6956374119,Industrial office
6957481348,Hallway / closet / doorway
6965461894,Home kitchen
6972103980,Industrial office
6981776740,Industrial office
6985947523,Industrial office
6990675626,Industrial office
6991625187,Home kitchen
6997674742,Home kitchen
7000328837,Home kitchen
7017198182,Home kitchen
7024445403,Industrial office
7033598777,Industrial office
7039188692,Industrial kitchen
7040612977,Industrial kitchen
7044878773,Industrial office
7045268907,Industrial kitchen
7046229609,Industrial office
7051771963,Living room
7054838980,Industrial kitchen
7055287316,Home office
7069630403,Industrial office
7076055984,Industrial office
7080068373,Industrial office
7083929661,Industrial office
7085295863,Industrial office
7089935990,Industrial office
7093811634,Industrial office
7095686145,Industrial office
7101598428,Home kitchen
7101980027,Bedroom
7103131226,Industrial kitchen
7104341076,Home kitchen
7106190124,Home kitchen
7107081496,Industrial office
7134913629,Home office
7138891308,Laundry
7139982521,Home kitchen
7140961540,Industrial office
7141978871,Home kitchen
7146130342,Industrial office
7149934348,Home kitchen
7152005427,Industrial kitchen
7157918097,Industrial office
7158716166,Home office
7164023773,Industrial office
7167839154,Industrial office
7170645556,Home kitchen
7174261905,Home kitchen
7175999018,Industrial kitchen
7190128699,Industrial office
7191734271,Home kitchen
7195722037,Industrial dining room
7197693009,Industrial kitchen
7203177494,Industrial office
7206127140,Industrial office
7212035718,Home office
7213557552,Industrial office
7215386953,Industrial office
7224020122,Unknown
7226466573,Industrial office
7231495877,Industrial kitchen
7246634698,Bedroom
7257405041,Industrial office
7258933526,Home kitchen
7260051450,Industrial office
7269215321,Industrial kitchen
7281504948,Industrial office
7281532950,Industrial office
7285959781,Home office
7294748052,Industrial kitchen
7298817790,Industrial office
7305480626,Industrial kitchen
7319821805,Industrial office
7333780775,Industrial kitchen
7335433687,Bedroom
7340909828,Home kitchen
7354944961,Industrial office
7364687243,Industrial office
7369322858,Industrial office
7370645775,Industrial office
7383441638,Home kitchen
7389320995,Bathroom
7394942513,Home kitchen
7396214174,Industrial office
7402106738,Industrial kitchen
7406742925,Industrial kitchen
7415884006,Industrial office
7441176449,Living room
7447879645,Home kitchen
7449710862,Industrial office
7451184786,Home kitchen
7454789619,Industrial office
7458953777,Industrial kitchen
7460731968,Home dining room
7462378460,Industrial office
7471879637,Industrial office
7485598911,Home kitchen
7489911085,Industrial office
7495112204,Industrial office
7495826358,Industrial kitchen
7502657841,Industrial office
7507215093,Industrial kitchen
7508019018,Home kitchen
7510100289,Industrial kitchen
7521695925,Industrial kitchen
7527254421,Home kitchen
7538648965,Industrial office
7540935362,Industrial kitchen
7541705096,Industrial kitchen
7551395364,Home office
7560665493,Industrial office
7564478167,Industrial kitchen
7567069509,Industrial office
7572895988,Industrial kitchen
7584687559,Industrial office
7591603921,Industrial kitchen
7591740572,Industrial kitchen
7603599989,Industrial office
7603693755,Home kitchen
7612195610,Industrial office
7616264190,Home kitchen
7616930247,Industrial dining room
7617985892,Industrial kitchen
7620842953,Bathroom
7623657721,Industrial office
7628201603,Industrial kitchen
7629000852,Industrial office
7641064312,Industrial office
7644292911,Industrial office
7647824530,Industrial office
7652985282,Bedroom
7659644065,Industrial office
7669448722,Industrial kitchen
7672870415,Industrial office
7673140743,Industrial office
7673177313,Living room
7702210005,Industrial office
7705815187,Home kitchen
7711955171,Industrial office
7714030546,Industrial kitchen
7715159033,Industrial kitchen
7718228545,Industrial office
7720340202,Industrial kitchen
7720531764,Industrial office
7724213024,Industrial office
7727992619,Home kitchen
7728157939,Industrial office
7733958686,Industrial office
7739594110,Industrial dining room
7740326425,Industrial dining room
7750326931,Industrial office
7753526539,Industrial dining room
7761931838,Living room
7767178249,Home kitchen
7775543764,Industrial office
7779812931,Home dining room
7788716291,Industrial kitchen
7789741133,Home dining room
7794003148,Home kitchen
7798764777,Home kitchen
7800338999,Home kitchen
7810177765,Home kitchen
7811979136,Industrial kitchen
7813322111,Industrial office
7814091775,Industrial office
7819488338,Home kitchen
7819561982,Industrial office
7823204726,Industrial kitchen
7833672163,Industrial office
7833801767,Industrial office
7837168863,Home kitchen
7840601850,Industrial kitchen
7841208271,Bedroom
7843203900,Industrial office
7844349127,Industrial office
7850606488,Industrial kitchen
7862994975,Industrial office
7869308501,Home kitchen
7870099758,Home kitchen
7871118777,Industrial office
7873334874,Industrial kitchen
7880399628,Industrial office
7897150699,Industrial kitchen
7918506104,Home office
7925183891,Industrial office
7932842316,Home kitchen
7935511999,Home kitchen
7936318601,Industrial office
7936850536,Home kitchen
7943577744,Industrial office
7951078577,Industrial kitchen
7952147086,Home kitchen
7956492763,Industrial office
7958116298,Industrial office
7962611196,Home kitchen
7963048807,Industrial kitchen
7964206447,Industrial office
7969931623,Industrial office
7970880248,Industrial office
7976916905,Living room
7977264895,Living room
7978324353,Industrial kitchen
7981620863,Industrial office
7994928535,Home kitchen
8005657195,Home kitchen
8006512607,Industrial kitchen
8012492226,Bathroom
8024730315,Industrial office
8025838482,Industrial kitchen
8032240878,Industrial office
8044877694,Living room
8056009511,Bedroom
8059679586,Industrial office
8062658126,Home kitchen
8066802860,Home kitchen
8077138943,Home kitchen
8098128200,Industrial office
8098563998,Home dining room
8101084266,Industrial office
8102538422,Industrial kitchen
8117337457,Industrial office
8128888176,Hallway / closet / doorway
8132411992,Industrial office
8145801445,Industrial kitchen
8145837668,Home kitchen
8150285641,Industrial office
8153073212,Industrial office
8160762647,Industrial kitchen
8163264648,Industrial office
8166264357,Industrial office
8166356721,Home kitchen
8172596608,Industrial office
8173273046,Home office
8175746516,Industrial office
8175789552,Industrial office
8189541246,Home office
8195052081,Home office
8206222448,Home kitchen
8212932790,Industrial office
8217684656,Industrial office
8222578342,Industrial office
8227904788,Home kitchen
8236164982,Home dining room
8237515962,Home office
8241829844,Industrial kitchen
8243628073,Industrial office
8249555185,Industrial office
8250657435,Industrial office
8283761536,Home kitchen
8288363487,Industrial kitchen
8292721847,Living room
8295031081,Industrial kitchen
8296171871,Industrial dining room
8306283079,Industrial office
8313521898,Industrial office
8320325747,Home dining room
8320700609,Industrial kitchen
8322042266,Industrial kitchen
8332642552,Industrial office
8334656508,Industrial office
8347184819,Industrial office
8350712678,Industrial office
8351259745,Hallway / closet / doorway
8353434615,Home kitchen
8358730265,Industrial office
8372815467,Industrial office
8376714657,Industrial office
8377395301,Industrial kitchen
8379653268,Industrial kitchen
8388701772,Industrial kitchen
8390503971,Industrial office
8401360011,Industrial office
8402395087,Industrial kitchen
8403767628,Industrial kitchen
8405805687,Industrial office
8415546030,Home kitchen
8421826396,Industrial kitchen
8428313758,Industrial office
8430235409,Bedroom
8439611743,Home dining room
8444908630,Industrial office
8455160784,Home kitchen
8456756638,Home kitchen
8456936732,Industrial office
8471673522,Industrial kitchen
8481266618,Industrial office
8489033499,Industrial kitchen
8496121795,Industrial office
8502105680,Industrial office
8519371620,Industrial kitchen
8526444216,Industrial office
8530958012,Industrial office
8534119600,Home kitchen
8535544865,Home kitchen
8545879369,Bedroom
8554170314,Industrial office
8560923545,Home kitchen
8585956749,Industrial kitchen
8589261022,Industrial office
8591652464,Industrial office
8595132747,Industrial office
8597976948,Industrial office
8604992136,Industrial dining room
8609202711,Industrial office
8609615131,Home kitchen
8609856759,Unknown
8612906642,Home kitchen
8626796008,Industrial kitchen
8630090868,Industrial office
8631748517,Industrial office
8639330896,Industrial office
8640326665,Home dining room
8643798169,Home kitchen
8646571131,Industrial office
8647259418,Industrial office
8659096069,Industrial office
8661043078,Industrial office
8672417856,Industrial office
8672720902,Home office
8675769855,Industrial office
8677925829,Industrial office
8682092408,Home kitchen
8690198922,Industrial office
8695407223,Industrial office
8696908754,Industrial office
8702636502,Industrial kitchen
8703663304,Laundry
8707025854,Industrial office
8707763644,Home kitchen
8719990904,Industrial dining room
8723131353,Industrial office
8723495929,Home dining room
8726284641,Industrial kitchen
8733130094,Industrial office
8746362413,Industrial office
8749554614,Industrial office
8751399799,Industrial office
8752046494,Industrial office
8756300955,Industrial office
8761737671,Home office
8764845612,Living room
8772594691,Industrial kitchen
8773263748,Home office
8773626175,Industrial kitchen
8774085551,Industrial office
8777688626,Industrial office
8786722770,Laundry
8787131693,Industrial office
8791475098,Home kitchen
8796432669,Home kitchen
8796976356,Industrial office
8805867508,Home kitchen
8807403616,Industrial kitchen
8810124649,Bedroom
8813004125,Home kitchen
8813854157,Industrial office
8815207926,Industrial office
8815752043,Laundry
8822145686,Home kitchen
8831531941,Industrial office
8833514968,Industrial office
8834393240,Industrial kitchen
8835792006,Home kitchen
8837428911,Home kitchen
8838817306,Industrial office
8841608662,Industrial office
8852632786,Home kitchen
8858776204,Industrial office
8872979868,Industrial office
8874972446,Home kitchen
8877123542,Industrial kitchen
8877664076,Industrial kitchen
8884016375,Home kitchen
8887502418,Home office
8894075169,Hallway / closet / doorway
8897698305,Industrial office
8898968162,Industrial office
8902003044,Home kitchen
8906959876,Home kitchen
8907404085,Industrial kitchen
8911427557,Industrial office
8921371187,Home office
8922050678,Home kitchen
8922423515,Industrial office
8930621648,Laundry
8931086075,Home kitchen
8938243386,Home kitchen
8945368790,Home kitchen
8949826708,Industrial kitchen
8966976585,Living room
8969941950,Industrial office
8969978002,Home kitchen
8972915966,Living room
8987989309,Home kitchen
8994008349,Industrial office
8998803925,Industrial kitchen
9004724280,Bathroom
9004995712,Home office
9007093358,Industrial kitchen
9012040672,Industrial kitchen
9015719779,Home kitchen
9016397448,Industrial kitchen
9024486631,Industrial office
9026637811,Industrial dining room
9029161496,Industrial office
9035006022,Industrial office
9042064452,Industrial office
9042802994,Industrial office
9044821029,Industrial office
9052486978,Industrial office
9054057814,Industrial office
9068899470,Home kitchen
9088223759,Industrial office
9094622736,Industrial office
9097996248,Industrial office
9103363275,Industrial kitchen
9109340778,Industrial office
9109516977,Industrial office
9110304984,Industrial office
9114832728,Hallway / closet / doorway
9115336664,Home office
9115634012,Industrial office
9117852450,Industrial office
9122632285,Industrial office
9122912737,Industrial office
9124451262,Industrial office
9125171463,Home kitchen
9130122211,Industrial office
9131753756,Industrial office
9132570708,Industrial office
9138814868,Industrial office
9146480127,Industrial kitchen
9153036002,Industrial dining room
9154343709,Industrial office
9160815698,Industrial kitchen
9161370433,Home kitchen
9162339158,Industrial office
9163954411,Industrial dining room
9168820953,Home kitchen
9169287914,Industrial office
9179010366,Industrial office
9180411930,Home kitchen
9181734880,Industrial office
9181953329,Home office
9185459960,Industrial dining room
9185883345,Industrial office
9186164821,Home kitchen
9191375988,Industrial office
9199513061,Industrial office
9206330737,Industrial kitchen
9209350647,Bedroom
9211230272,Living room
9220710702,Industrial kitchen
9221430115,Home kitchen
9228483020,Industrial office
9228816083,Industrial kitchen
9240018690,Industrial office
9254525294,Industrial kitchen
9263513584,Home kitchen
9263962954,Living room
9267267207,Industrial office
9271241598,Industrial office
9274920314,Industrial kitchen
9278925825,Home kitchen
9281873836,Industrial office
9282351904,Industrial kitchen
9286820500,Home kitchen
9289357876,Industrial kitchen
9297873144,Industrial kitchen
9306310171,Industrial office
9306481213,Industrial office
9308446118,Home kitchen
9317179312,Industrial kitchen
9320449307,Living room
9326894004,Home kitchen
9327527309,Home dining room
9336806448,Home kitchen
9338845074,Industrial office
9341887774,Industrial office
9361448895,Industrial office
9364308061,Laundry
9370926996,Industrial kitchen
9372254830,Industrial kitchen
9378975475,Home dining room
9401648465,Living room
9406883219,Industrial office
9407017707,Industrial kitchen
9413972390,Bedroom
9415049063,Living room
9415142704,Industrial dining room
9431223914,Home kitchen
9433191888,Living room
9435562079,Industrial office
9435735994,Industrial kitchen
9436917383,Industrial office
9441597998,Home kitchen
9448115390,Industrial kitchen
9454223615,Home kitchen
9456084764,Industrial office
9458197253,Industrial office
9461185367,Industrial kitchen
9461650657,Industrial office
9466073104,Industrial office
9467945306,Hallway / closet / doorway
9468730358,Home kitchen
9471046873,Home kitchen
9476095509,Living room
9479250625,Home kitchen
9482581874,Industrial office
9487913557,Industrial office
9493996227,Industrial kitchen
9501512335,Industrial office
9504416277,Industrial kitchen
9505766118,Industrial office
9507507311,Industrial kitchen
9509690849,Industrial office
9511233335,Industrial kitchen
9514378304,Living room
9516868282,Hallway / closet / doorway
9524805736,Industrial office
9529311379,Home kitchen
9529990990,Industrial kitchen
9535256526,Industrial office
9541292993,Industrial office
9542347382,Industrial office
9542573619,Industrial office
9551783935,Industrial kitchen
9556878989,Industrial office
9610156409,Living room
9617629541,Industrial kitchen
9619755989,Industrial office
9632287490,Home kitchen
9632599896,Industrial office
9656180897,Industrial office
9658121232,Industrial office
9660208410,Industrial office
9665258204,Industrial office
9665553465,Industrial office
9667834979,Industrial office
9669496648,Industrial kitchen
9670127070,Industrial dining room
9671220723,Industrial office
9677758469,Home kitchen
9689002438,Industrial office
9698968510,Industrial office
9707244914,Bathroom
9707869120,Home kitchen
9725434005,Home office
9732880472,Industrial office
9745432781,Home kitchen
9751118875,Home kitchen
9757953899,Home dining room
9759053738,Industrial kitchen
9760489089,Industrial office
9760960819,Industrial kitchen
9761080747,Home office
9765182177,Industrial kitchen
9768740075,Home office
9768955865,Industrial dining room
9769078622,Home kitchen
9770821058,Industrial kitchen
9778352766,Bathroom
9779708927,Home kitchen
9783519897,Home kitchen
9797686302,Industrial office
9799407721,Bedroom
9800183258,Industrial kitchen
9802411417,Home kitchen
9803345531,Industrial office
9811813715,Industrial office
9815439180,Industrial office
9821389592,Industrial kitchen
9823938952,Industrial office
9824796692,Home dining room
9829922244,Industrial office
9832522165,Industrial kitchen
9832927310,Industrial office
9837920755,Home kitchen
9838672779,Home kitchen
9842820605,Industrial kitchen
9843251299,Hallway / closet / doorway
9843734029,Industrial kitchen
9848923237,Hallway / closet / doorway
9852400901,Home kitchen
9853092576,Home kitchen
9856832744,Home kitchen
9858009618,Home kitchen
9859418470,Industrial office
9876324331,Industrial office
9883209091,Industrial office
9888406933,Industrial office
9890595273,Bedroom
9895112104,Industrial kitchen
9906823456,Home kitchen
9907088504,Industrial office
9907199511,Industrial kitchen
9912069914,Industrial dining room
9914414360,Industrial office
9914542697,Industrial kitchen
9917123899,Industrial kitchen
9932945225,Home kitchen
9933578360,Home kitchen
9934859632,Industrial kitchen
9940418611,Home kitchen
9946667739,Industrial kitchen
9950662301,Home kitchen
9950724858,Home office
9968899116,Industrial office
9981708559,Bathroom
9985076625,Industrial office
9987575907,Industrial office
9992709324,Home office
